source,target,code
/emergency-tree-service-bay-village/,/bay-village/emergency-tree-service/,301
/emergency-tree-service-edgewater/,/emergency-tree-service/,301
/emergency-tree-service-ohio-city/,/emergency-tree-service/,301
/emergency-tree-service-tremont/,/emergency-tree-service/,301
/emergency-tree-service-westlake/,/westlake/emergency-tree-service/,301
/emergency-tree-service-fairview-park/,/fairview-park/emergency-tree-service/,301
/emergency-tree-service-avon/,/emergency-tree-service/,301
/emergency-tree-service-lakewood/,/lakewood/emergency-tree-service/,301
/emergency-tree-service-berea/,/emergency-tree-service/,301
/our-services/tree-service-lakewood-oh/,/lakewood/,301
/our-services/tree-removal-in-lakewood-oh/,/lakewood/tree-removal/,301
/our-services/stump-grinding-in-lakewood-oh/,/lakewood/stump-grinding/,301
/our-services/tree-trimming-and-pruning-in-lakewood-oh/,/lakewood/tree-trimming/,301
/our-services/storm-damage-tree-cleanup-in-lakewood-oh/,/lakewood/storm-damage-cleanup/,301
/our-services/commercial-tree-service-in-lakewood-oh-apartments-small-businesses/,/lakewood/commercial-tree-service/,301
/our-services/lakewood-oh-tree-lawns-city-trees-and-homeowner-responsibilities/,/lakewood/,301
/our-services/tree-health-disease-treatment-in-lakewood-oh-honest-evaluations/,/lakewood/,301
/tree-service-in-cleveland-ohio-professional-tree-removal-trimming/,/,301
/commercial-tree-service-in-cleveland-ohio-professional-commercial-tree-care/,/commercial-tree-service/,301
/tree-trimming-pruning-in-cleveland-ohio-professional-tree-care/,/tree-trimming/,301
/emergency-tree-service-cleveland-ohio-same-day-tree-removal/,/emergency-tree-service/,301
/storm-damage-cleanup-cleveland-ohio-fallen-tree-debris-removal/,/storm-damage-cleanup/,301
/tree-removal-cleveland-ohio-safe-professional-tree-removal-service/,/tree-removal/,301
/cleveland-tree-laws-homeowner-responsibilities-what-you-need-to-know/,/,301
/commercial-multi-unit-tree-service-cleveland-property-rental-tree-care/,/commercial-tree-service/,301
/tree-service-rocky-river-oh/,/rocky-river/,301
/tree-removal-rocky-river-oh/,/rocky-river/tree-removal/,301
/tree-trimming-and-pruning-in-rocky-river/,/rocky-river/tree-trimming/,301
/stump-grinding-in-rocky-river-oh/,/rocky-river/stump-grinding/,301
/storm-damage-tree-service-rocky-river-oh/,/rocky-river/storm-damage-cleanup/,301
/tree-health-and-maintenance-in-rocky-river-ohio/,/rocky-river/,301
/commercial-tree-service-rocky-river-oh/,/rocky-river/commercial-tree-service/,301
/tree-removal-fairview-park-oh/,/fairview-park/tree-removal/,301
/tree-service-fairview-park-oh/,/fairview-park/,301
/tree-trimming-pruning-fairview-park-oh/,/fairview-park/tree-trimming/,301
/storm-damage-tree-cleanup-fairview-park-oh/,/fairview-park/storm-damage-cleanup/,301
/stump-grinding-fairview-park-oh/,/fairview-park/stump-grinding/,301
/commercial-tree-service-fairview-park-oh/,/fairview-park/commercial-tree-service/,301
/crane-tree-service-west-side-cleveland-suburbs/,/,301
/service-areas/,/,301
